pad,pad_cell,core_signal
PAD1,ASPAD00,ccff_tail[0]
PAD2,SPAD00,prog_clk[0]
PAD3,ASPAD00,gpio_out[0]
PAD4,SPAD00,clk[0]
PAD5,ASPAD00,gpio_out[1]
PAD6,SPAD00,reset_n[0]
PAD7,ASPAD00,gpio_out[2]
PAD8,SPAD00,Test_en[0]
PAD9,ASPAD00,gpio_out[3]
PAD10,SPAD00,ccff_head[0]
PAD11,ASPAD00,gpio_out[4]
PAD12,SPAD00,gpio_in[0]
PAD13,ASPAD00,gpio_out[5]
PAD14,SPAD00,gpio_in[1]
PAD15,ASPAD00,gpio_out[6]
PAD16,SPAD00,gpio_in[2]
PAD17,ASPAD00,gpio_out[7]
PAD18,SPAD00,gpio_in[3]
PAD19,ASPAD00,NC
PAD20,SPAD00,gpio_in[4]
PAD21,ASPAD00,NC
PAD22,SPAD00,gpio_in[5]
PAD23,ASPAD00,NC
PAD24,SPAD00,gpio_in[6]
PAD25,ASPAD00,NC
PAD26,SPAD00,gpio_in[7]
PAD27,ASPAD00,NC
PAD28,SPAD00,NC
PAD29,ASPAD00,NC
PAD30,SPAD00,NC
PAD31,ASPAD00,NC
PAD32,SPAD00,NC
PAD33,ASPAD00,NC
PAD34,SPAD00,NC
PAD35,ASPAD00,NC
PAD36,SPAD00,NC
PAD37,ASPAD00,NC
PAD38,SPAD00,NC
PAD39,ASPAD00,NC
PAD40,SPAD00,NC
PAD41,ASPAD00,NC
PAD42,SPAD00,NC
PAD43,ASPAD00,NC
PAD44,SPAD00,NC
